{
  "timestamp": "2023-03-18_21-57",
  "camera_position": {
    "x": 48.50896,
    "y": 1.574,
    "z": 21.801775
  },
  "camera_rotation": {
    "x": 0.0,
    "y": 167.664139,
    "z": 0.0
  },
  "area_content": [
    "SM_Env_Skyline_04, pos:(13.500,0,0), eul: (zero), scale: (1,0.896,1)",
    "SM_Env_Skyline_03, pos:(13.500,0,0), eul: (zero), scale: (one)",
    "SM_Env_Skyline_02, pos:(13.500,0,0), eul: (zero), scale: (one)",
    "SM_Env_Skyline_01, pos:(13.500,0,0), eul: (zero), scale: (1.107,1.107,1.107)",
    "SM_Veh_Car_Small_Wheel_fl, pos:(47.432,0.333,20.915), eul: (0,180,0), scale: (one)",
    "SM_Veh_Car_Small_Glass, pos:(46.750,0,22.250), eul: (0,180,0), scale: (one)",
    "SM_Veh_Car_Small_05, pos:(46.750,0,22.250), eul: (0,180,0), scale: (one)",
    "SM_Prop_Hydrant_01, pos:(47.500,0,18.5), eul: (zero), scale: (one)",
    "SM_Veh_Car_Sedan_Wheel_fr, pos:(49.505,0.361,20.868), eul: (0,180,0), scale: (one)",
    "SM_Veh_Car_Sedan_SteeringW, pos:(50.629,0.967,21.985), eul: (289.876,180,0), scale: (one)",
    "SM_Veh_Car_Sedan_Plates, pos:(50.250,0,22.5), eul: (0,180,0), scale: (one)",
    "SM_Veh_Car_Sedan_Glass, pos:(50.250,0,22.5), eul: (0,180,0), scale: (one)",
    "SM_Veh_Car_Sedan_02, pos:(50.250,0,22.5), eul: (0,180,0), scale: (one)"
  ],
  "cloud_vision_data": {
    "label_annotations": [
      "Window, score: 0.9452485",
      "Property, score: 0.9432244",
      "Fire hydrant, score: 0.8978696",
      "Building, score: 0.8613948",
      "Facade, score: 0.7884583",
      "Gas, score: 0.7774006",
      "City, score: 0.708747",
      "Urban design, score: 0.7070255",
      "Electric blue, score: 0.691",
      "Door, score: 0.6867523"
    ],
    "text_annotations": "PIZZA",
    "face_annotations": null,
    "landmark_annotations": null,
    "logo_annotations": [
      "Description: Not In Our Town, Score: 0.5863883"
    ],
    "image_properties_annotation": "R:113,G:116,B:115:, Score: 0.1438227, PixelFraction: 0.1069048 - R:147,G:102,B:89:, Score: 0.142793, PixelFraction: 0.03111111 - R:152,G:60,B:45:, Score: 0.01472299, PixelFraction: 0.007063492 - R:87,G:92,B:93:, Score: 0.07987004, PixelFraction: 0.2148413 - R:147,G:145,B:141:, Score: 0.07120384, PixelFraction: 0.1024603 - R:75,G:91,B:114:, Score: 0.06700021, PixelFraction: 0.04293651 - R:95,G:120,B:110:, Score: 0.05731034, PixelFraction: 0.01119048 - R:99,G:115,B:135:, Score: 0.05693084, PixelFraction: 0.01920635 - R:133,G:115,B:98:, Score: 0.05653322, PixelFraction: 0.02896825 - R:124,G:83,B:71:, Score: 0.04585, PixelFraction: 0.02634921",
    "safe_search_annotation": "Adult:VERY_UNLIKELY, Spoof:VERY_UNLIKELY, Medical:VERY_UNLIKELY, Violence:VERY_UNLIKELY, Racy:VERY_UNLIKELY",
    "web_detection": "Description:, Score:0.5331 - Description:House, Score:0.4455247 - Description:City, Score:0.4347505 - Description:Screenshot, Score:0.3684652 - Description:Personal computer, Score:0.3681",
    "localized_object_annotations": [
      "Fire hydrant, score: 0.9556343",
      "Building, score: 0.740542",
      "Window, score: 0.6177552",
      "Window, score: 0.5640647"
    ]
  }
}