{
  "timestamp": "2023-03-18_22-13",
  "camera_position": {
    "x": 42.9481926,
    "y": 1.204,
    "z": 22.6977177
  },
  "camera_rotation": {
    "x": 0.0,
    "y": 5.422139,
    "z": 0.0
  },
  "area_content": [
    "SM_Veh_Car_Muscle_Wheel_fr, pos:(44.290,0.356,24.672), eul: (zero), scale: (one)",
    "SM_Veh_Car_Muscle_Wheel_fl, pos:(42.710,0.356,24.672), eul: (zero), scale: (one)",
    "SM_Veh_Car_Muscle_SteeringW, pos:(43.038,0.975,23.273), eul: (291.121,0,0), scale: (one)",
    "SM_Veh_Car_Muscle_Plates, pos:(43.500,0,22.750), eul: (zero), scale: (one)",
    "SM_Veh_Car_Muscle_Glass, pos:(43.500,0,22.750), eul: (zero), scale: (one)",
    "SM_Veh_Car_Muscle_02, pos:(43.500,0,22.750), eul: (zero), scale: (one)",
    "SM_Env_Road_Bare_42, pos:(45,0,25), eul: (0,90,0), scale: (one)",
    "SM_Env_Skyline_04, pos:(13.500,0,0), eul: (zero), scale: (1,0.896,1)",
    "SM_Env_Skyline_03, pos:(13.500,0,0), eul: (zero), scale: (one)",
    "SM_Env_Skyline_02, pos:(13.500,0,0), eul: (zero), scale: (one)",
    "SM_Env_Skyline_01, pos:(13.500,0,0), eul: (zero), scale: (1.107,1.107,1.107)",
    "SM_Env_Road_Patch_01, pos:(43.500,0,25.750), eul: (zero), scale: (2.198,0.290,3.477)",
    "SM_Env_Road_ParkingLines_02, pos:(35,0,20), eul: (0,180,0), scale: (one)"
  ],
  "cloud_vision_data": {
    "label_annotations": [
      "Building, score: 0.9490641",
      "Car, score: 0.9419059",
      "Automotive lighting, score: 0.9289211",
      "Window, score: 0.9279984",
      "Vehicle, score: 0.9242431",
      "Motor vehicle, score: 0.9233286",
      "Hood, score: 0.9179294",
      "Automotive design, score: 0.8935246",
      "Automotive mirror, score: 0.8920119",
      "Sky, score: 0.8780918"
    ],
    "text_annotations": "5215J",
    "face_annotations": null,
    "landmark_annotations": null,
    "logo_annotations": null,
    "image_properties_annotation": "R:141,G:164,B:197:, Score: 0.1706584, PixelFraction: 0.03007936 - R:52,G:54,B:56:, Score: 0.1690576, PixelFraction: 0.3431746 - R:187,G:195,B:194:, Score: 0.05798176, PixelFraction: 0.002460317 - R:45,G:61,B:38:, Score: 0.005924946, PixelFraction: 0.003730159 - R:213,G:123,B:126:, Score: 0.001561165, PixelFraction: 0.001111111 - R:81,G:83,B:85:, Score: 0.1091275, PixelFraction: 0.08777778 - R:139,G:166,B:214:, Score: 0.09980115, PixelFraction: 0.007142857 - R:24,G:26,B:32:, Score: 0.08716616, PixelFraction: 0.3902381 - R:115,G:117,B:116:, Score: 0.05185849, PixelFraction: 0.01539683 - R:235,G:240,B:232:, Score: 0.04609609, PixelFraction: 0.002063492",
    "safe_search_annotation": "Adult:VERY_UNLIKELY, Spoof:VERY_UNLIKELY, Medical:VERY_UNLIKELY, Violence:VERY_UNLIKELY, Racy:VERY_UNLIKELY",
    "web_detection": "Description:Car, Score:0.6357 - Description:Luxury car, Score:0.4037389 - Description:Motor vehicle, Score:0.381628 - Description:Traffic, Score:0.3244369 - Description:Compact car, Score:0.2956971 - Description:Driving, Score:0.2568325 - Description:Transport, Score:0.2431 - Description:Public transport, Score:0.2216878 - Description:Lane, Score:0.2017021 - Description:Family car, Score:0.1791844",
    "localized_object_annotations": [
      "Car, score: 0.8979943",
      "Car, score: 0.8953944",
      "Car, score: 0.8941807",
      "Car, score: 0.7841087",
      "Building, score: 0.5742092"
    ]
  }
}